"0","tamaramorrison@hotmail.com","pbkdf2:sha256:600000$QKGbZ9RZQ8VZYoa6$828eac49f9f3553a06a448c678de7ce34f97221cc31250d8c55213584a9dff28","Gary","Cross","9342 Lori Bypass Suite 711, East Sandra, MP 11019","0.0"
"1","qoliver@gmail.com","pbkdf2:sha256:600000$S23stzvNSuTiN8Sv$e31bbc9e08743495efee352422fa57c904810c4572bb82840f97bc45a39abab8","Madison","Zuniga","6208 Williams Courts Suite 345, Masseyshire, GA 91949","0.0"
"2","valeriemorales@hotmail.com","pbkdf2:sha256:600000$PreTpfHbRmwDWcee$9c9e4966d88fa2cbd2bd8c34b370d137b0863e443d92fb2f16c9450da9f057bd","Shane","Bradley","08913 Charlene Flat, Joshuaburgh, CT 62839","0.0"
"3","zrogers@yahoo.com","pbkdf2:sha256:600000$OmTlfSf4tx2NRYwL$391586503336d06c4f9377a9acf06bcd68ba0700d8fb6c5afa4aed756d02aed2","Lauren","Ward","0452 Courtney Lane Apt. 113, North Paul, CT 52118","0.0"
"4","taguilar@hotmail.com","pbkdf2:sha256:600000$egUqtlHDh3LjlScA$56edae1cf47af9fdcd0910f9a0e9c79e1468fad161890ac7a08acdcf67fff4c1","Jared","Frazier","013 Billy Bridge, Riveraburgh, AS 20007","0.0"
"5","vmendez@hotmail.com","pbkdf2:sha256:600000$h4QqMHoTP75gv7c3$7b02d82558bd6e0a452b1e5d1e842c5e0e55b54957b591fa5490d7669f1fe062","Sharon","Love","Unit 9426 Box 4183, DPO AE 51884","0.0"
"6","aaronhopkins@hotmail.com","pbkdf2:sha256:600000$Tmn22E0hrg60Y0ag$96647829cdc7da90d30e657782cc6e26f81cbee9d8615639d756654023f1aadf","Amanda","Griffin","0932 Shawn Neck Suite 420, West Matthew, LA 39343","0.0"
"7","danny48@hotmail.com","pbkdf2:sha256:600000$2OIpUyzMt3fwtnGM$e6e82d83e96063c8df6a3c0efc2097b6fe8f544b372260e4654bd6ef32fc909a","Kristin","Watts","73864 David Skyway Apt. 046, Wallaceview, MI 37646","0.0"
"8","karenroberts@gmail.com","pbkdf2:sha256:600000$b5D6Ov96zgPnpAFN$5018692f67d44227dceceb18bdb3c80fc43b04a2ea8e0dd945397c303e81e949","Cindy","Kelly","2566 Seth Station Apt. 852, East Sean, WY 51471","0.0"
"9","monica30@yahoo.com","pbkdf2:sha256:600000$AHZquaxA7v5i58ym$b651f4a09f41c7a4c3284708faad39a73a34bcdc984bf2fe33ff29de0ee6bda2","Daniel","Lee","7067 Alexander Corner Apt. 312, Hensonborough, NV 80816","0.0"
"10","taylorjamie@yahoo.com","pbkdf2:sha256:600000$Ih5LzlL8dF64RpuH$c23c54a577c98465f05c8b7797e7d633bd9cea18aa32080ef716706390b46886","Mitchell","Payne","23659 Cristina Coves, New Caitlinfort, NH 40962","0.0"
"11","christystanley@hotmail.com","pbkdf2:sha256:600000$lxEvLw1jSVl1pJOy$a6c429370a835525bd71205a99dc9246f8b7d470250fd64f31cbe9c3f87ef735","Haley","Beck","23028 Jennifer Meadow Apt. 972, West Matthewfurt, AK 82521","0.0"
"12","kelly45@yahoo.com","pbkdf2:sha256:600000$JWMB03yHZuoMbt6Y$9f13a736bc6e4c4bb773088518dc7b9b32c4b8a49d768ebf825b5fc767c3c9d7","Melanie","Park","02907 Matthew Branch Suite 493, New Sharonview, MP 23285","0.0"
"13","rubiofrank@gmail.com","pbkdf2:sha256:600000$PG0j3SqFp8kBUEUZ$78512ee133c4b7da952d9d4bf85b0dbde832b4a0793465199d534661bbb2d602","Todd","Frazier","6595 Kurt Park Apt. 436, Grahamfurt, UT 05536","0.0"
"14","ctran@hotmail.com","pbkdf2:sha256:600000$fTkyxkTm5bSnDkbL$22708e0119b1ce9136d47cf7dabece877d1443fc617bf0f6c4368fc572a76198","Melissa","Terry","1379 Lisa Pike, Lake Matthew, SD 18179","0.0"
"15","morriskrystal@hotmail.com","pbkdf2:sha256:600000$Jbq8Wwp9YPHOoLP6$2badbdcada6482f14e2c352b242c4bd54747438b9602c4ea2b0e62efe29bf91c","Timothy","Russell","86408 Mary Common, Michaelville, NJ 04835","0.0"
"16","kimberlynunez@yahoo.com","pbkdf2:sha256:600000$qbKTgOinwVmhzWHC$1296dccac383ada790765eef95e32b592a19c47984b3e0f032cc14a4012dc562","David","Perez","532 Dixon Place Suite 126, Tammychester, MH 57653","0.0"
"17","swalters@hotmail.com","pbkdf2:sha256:600000$lQG9CpwJ0Qwaqv4L$b20110ae23324650224fa3b2b47f9e3594301a2fd70a0b6217cf03319fcb7ecc","Micheal","Munoz","6352 Daniel Knolls Apt. 069, Fordland, WI 56262","0.0"
"18","zerickson@yahoo.com","pbkdf2:sha256:600000$yIpgzlWApLTefszd$e65076d067e4f024c727d031ecaede063ba6d706e4e784ee0ba0f71a963f57c4","Rebecca","Smith","79061 Cook Parkways Suite 079, West Marissafort, OH 85040","0.0"
"19","joannestuart@gmail.com","pbkdf2:sha256:600000$v4vijYY0WnVlhccv$dfefbde2747989aed41204bba180d1846ae81a98a9cdb0167f66dd0c4cc5ecb1","Brian","Kennedy","754 Salazar Village, South Michaelfort, IN 86508","0.0"
"20","erica29@hotmail.com","pbkdf2:sha256:600000$6b5KUFUvQSy8rATH$0c33f66f8894bc030e01a78289d3f70ef6f0167cbf791914b582be2a013286f7","Lisa","Gaines","140 Christine Shoals, South Jamie, TN 42383","0.0"
"21","angela30@gmail.com","pbkdf2:sha256:600000$G7BFlOREYhwS8dKz$3ec33eb1f3e8473247e2c6071341cba6b25bb803b2a0cdfb3638a1e78920a439","Cody","Crawford","931 Middleton Roads Suite 573, West Angela, MI 94545","0.0"
"22","mosesalison@yahoo.com","pbkdf2:sha256:600000$XzXoSNB7wfMBCymU$187441ce3d0ab321dc0024537832fef9ffe099e1ec5fb64c99f1ac3148daed08","Pamela","Allen","69220 Janice Gateway, Lake Josephfurt, DE 45566","0.0"
"23","carterdanny@hotmail.com","pbkdf2:sha256:600000$ni0jdw6GMhn0p9s4$9e26bcb8336f78e19b17e1b8b11efb9a348b803d8a163ac8afd4e30dc04edf22","Nathan","Kline","Unit 8857 Box 1688, DPO AA 16584","0.0"
"24","johnwalker@yahoo.com","pbkdf2:sha256:600000$Tmn3V5HVKda2tCPZ$ed2e5ab7a84142a6a239121775185c3117c478385a5d9cac728b31668e0b4632","David","Campbell","023 Schaefer Squares Apt. 382, Lake John, WI 39742","0.0"
"25","ryanbaker@gmail.com","pbkdf2:sha256:600000$fsAArqDoIFNCLNht$520600e743d7991fa669e9bead93d29854d3d24464c7e440371794858f4b94dd","John","Gross","4647 Kristine Fields Suite 710, New Dakota, KS 00638","0.0"
"26","rmiranda@hotmail.com","pbkdf2:sha256:600000$nEQzQif5Yzz2ww0a$4511f6a4462d94b4a13934731dd972d2523675f94aaceae3e6d333bcb7a63039","Evelyn","Hendricks","USS Silva, FPO AE 24883","0.0"
"27","millskimberly@gmail.com","pbkdf2:sha256:600000$BggC5nwjkpaVYyDw$f19e80ab61488dca0171ce2a413d1b885673f757e369ba036d2b04e784a986ac","William","Whitaker","215 Joy Islands, West Beth, CA 11791","0.0"
"28","amystone@gmail.com","pbkdf2:sha256:600000$saG9XWHGYjRgIrsO$a62ca8b2b1ae4090f56d89e9c9ff78e357d4075b5399af73dbc6d1bc75a38130","Francis","Caldwell","2547 Avila Manor, Port Deborahbury, SD 86285","0.0"
"29","leejames@gmail.com","pbkdf2:sha256:600000$zV6IIbN6kzWUript$7ee927473fd05420f031aba188f56dfd7533110de8e9ee9a03b5732b66f3fd49","Michelle","Wilson","8476 Allison Summit, Brownville, MH 08197","0.0"
"30","joylowe@yahoo.com","pbkdf2:sha256:600000$aE5iWIZ6gg6cTdVI$9df8b395e10a0e4b334014c6d6fdcd40f8efe88aec7effdaec75f9504f7b6c52","Chad","Bridges","532 Stewart Mills, Lake Dana, KY 89011","0.0"
"31","sandygarcia@gmail.com","pbkdf2:sha256:600000$0YRwmWZ34sHjnWOB$a18c7d4375030b634db734cc4f8db26f368013d3acd02ecd45e9eb21409f3d7a","Dalton","Fritz","647 Michael Trafficway Apt. 037, New Evelyn, GU 01420","0.0"
"32","cgiles@yahoo.com","pbkdf2:sha256:600000$ueuPFzKlTM997GoP$58b74b902cf6ccadf309728debb9b3b5490c759d985f85eeee28c330c7cf5c0f","Angela","Soto","511 Sanchez Canyon, Port Jennifershire, CO 61535","0.0"
"33","pjohnson@yahoo.com","pbkdf2:sha256:600000$GoHjQn24bVTNfcY0$8409f024819eb9910ef204add9b5cca57a5a07be2c76228031c88d0560d80c32","Joshua","Anderson","967 Ethan Avenue Suite 164, South Nicole, KS 68053","0.0"
"34","joy31@hotmail.com","pbkdf2:sha256:600000$2PZIGICnSBRb4ta8$2af0a3263fa54a5161461b9edbe123fe2e23fc6ff1bf0d9bbc3ce4dc8142f6a1","Mrs.","Morgan","4279 Ann Brook, North Kylefurt, IL 34119","0.0"
"35","vlove@hotmail.com","pbkdf2:sha256:600000$fdoZ5tSmqGzM8DJk$d1f6afdf4161681b7eaff40bebfcd026da3479020b3e1c53b95ba042836af952","Jasmine","Graves","7841 Christopher Light Suite 634, Bonillaside, AL 82801","0.0"
"36","webereric@hotmail.com","pbkdf2:sha256:600000$bX1G8jo01uaOV9Q7$dbc90a077612df9853b4d0ff977ea80a4087e8242b35ad42b6d203e410a33a09","Douglas","Yates","208 Laura Club, New Kimberlyville, ID 13622","0.0"
"37","kimberly24@gmail.com","pbkdf2:sha256:600000$8fI0XNhSUu27ZBnB$081b54c8840d09a3aae3a6fc0e260b6940501d27cc6b7d1b6fca65fc0f65a59f","Frank","Galloway","Unit 1560 Box 4324, DPO AA 69154","0.0"
"38","jonathan46@hotmail.com","pbkdf2:sha256:600000$ilycf9lKrTImYLYq$363f9acf52a6ad9ae2ce7aff40c9ffcca982caf1fd86f83f588c2e1fb1cb9ed5","Timothy","Kerr","4600 Peters Union, Jennifertown, AK 65095","0.0"
"39","torreskyle@hotmail.com","pbkdf2:sha256:600000$nFDc2LGVC2Bj2WiT$0683622ec92e8868da1804230f2d196c88a9d00e312eed82c24260fb566c1831","Beverly","Taylor","766 Christopher Walk, Sherrychester, TN 65093","0.0"
"40","megan62@hotmail.com","pbkdf2:sha256:600000$3AbX0DErPr4aINHn$16e396ddc182e4cefc29ef0787cb6d65dc6f4f87aeef4c781d544df5bf4bf6a0","Stephanie","Mosley","264 Sabrina Views Apt. 385, Boothland, MA 68180","0.0"
"41","hdowns@hotmail.com","pbkdf2:sha256:600000$TPZHMAwdgpWsIkJC$342098c92492237df19ac29d6dff6d57fda79931af798b40bb65cf36a809faf4","Nathan","Kirk","Unit 6360 Box 9390, DPO AA 97219","0.0"
"42","vfreeman@hotmail.com","pbkdf2:sha256:600000$Df6kAFAIeJ8nZzkm$e493f43738eb0f30f6808d7137f8eb8b91d3c718fe8cbd2697590560c35995c0","Tara","Shaw","979 Davis Manor, Lake Rebeccaberg, HI 90658","0.0"
"43","ghancock@yahoo.com","pbkdf2:sha256:600000$0Rcz5j8lFMsr0wsD$63d62834c1a207f35c3964f02a2d015222bfa918d1caa99e366a779ae6b97c83","Allen","Trevino","PSC 2652, Box 8592, APO AE 12680","0.0"
"44","amandasnyder@gmail.com","pbkdf2:sha256:600000$2zRQv72waGeoSifc$33248c646cec25baf62678df5c6477039f67dc2ee2b620fa17b9611c81391d2d","Billy","Hudson","73849 Edward Vista, New Matthewport, MH 72138","0.0"
"45","ashleylewis@gmail.com","pbkdf2:sha256:600000$FTYl9vb3uWYqbJxZ$6957eef5bd5f3c8061045f87712cac1931880e07c4433cf4d3bea11395d3987a","Marilyn","Rodriguez","4229 Hill Light Apt. 972, Floydchester, WV 51245","0.0"
"46","williamdoyle@gmail.com","pbkdf2:sha256:600000$iLiqtxk6ICLu0Y3D$87d1327ab0c031244ff77e6444e520a2e9cf9d84201addc6c6399491b199a21a","Miss","MD","Unit 8522 Box 1442, DPO AA 39097","0.0"
"47","teresawhite@hotmail.com","pbkdf2:sha256:600000$WF0rCz4DgQ7IDYwW$e12d59d2e8b2a63a8b2902e051b3e5e466b5e25b6c013a8abff05d467b82fedb","Theodore","MD","593 Jessica Points, Lake Franceshaven, RI 91999","0.0"
"48","michellejackson@hotmail.com","pbkdf2:sha256:600000$Z56iQq83WpzQUKZ9$bfbba4142357667df9630d7271bad6eddfa4771e2e1c80a71e5ea4f9a3b4473f","Mark","Fuller","337 Collins Turnpike, Jillside, MD 86287","0.0"
"49","porterjoel@hotmail.com","pbkdf2:sha256:600000$oNk9eUqpAevIkZ1B$7c33444922c851b2a49aebcb7273c86ff8ecf74756757bc99e7fc27ad1233209","Brian","Matthews","69774 Smith Walks Suite 151, South Stephen, GU 46202","0.0"
"50","laurie57@hotmail.com","pbkdf2:sha256:600000$qn6PGdztkOMxT04l$5e432ffbcae9b765e1b6712442bf703acc247181b601668fab570b2ab38fa5ae","Margaret","James","83780 Flores Pine, Lake Joanne, OH 32464","0.0"
"51","floresbrandi@hotmail.com","pbkdf2:sha256:600000$tCnkJZbCT3GjqAHR$544340acbb59976ed9f42cf643740681a5afe25338f4fef669dcda71d7f5a6d1","Dwayne","Osborne","4747 Randall Lake, West Edwardburgh, MA 59171","0.0"
"52","melissalynch@gmail.com","pbkdf2:sha256:600000$sBC4Ep5m6C05QpL5$630a1e48b530d30cd33af5c91800d2bb34fde550d19964d296e982f8ed39426b","Sean","Perez","69757 Anthony Rapid, Sandovalchester, MI 41089","0.0"
"53","pamela20@gmail.com","pbkdf2:sha256:600000$CKDjFy9JqzBoyOqx$51ef9f1aa35737a4678f4644eb10ce4de792e71632d62a34efc060ced9d1206f","Felicia","Larson","55899 Ryan Station Apt. 198, East Marcus, OH 53249","0.0"
"54","pharris@yahoo.com","pbkdf2:sha256:600000$HrBVjpi2g1NIksfy$1a23acc49124087841bdbb3c6d6ea2938fab2eb57f5479de46784709502952be","Karen","Knox","2939 Bell Greens, Jacksonside, NM 14908","0.0"
"55","royangela@gmail.com","pbkdf2:sha256:600000$phhwzCcMNsrVAi8H$9eef92b387cee496a6cfa5643e754663f30bd47f6a1c7344091bd2974690e093","Donald","Doyle","PSC 4630, Box 8871, APO AE 17549","0.0"
"56","munozkristin@yahoo.com","pbkdf2:sha256:600000$FPEuKfOj0Lo3LhOL$743a222ef269d109386cf46947c0ee9397803122293f923547f1fed1f038e07c","Jennifer","Marshall","604 Stanley Ports Apt. 102, East Rachel, VA 44042","0.0"
"57","kevinclements@hotmail.com","pbkdf2:sha256:600000$0MFCHkOpCQy6tJui$cc3d6c99b0f42758f438ae56f4cb714d64ca407b39eb666e0ec0db4635881683","David","Harper","547 Ramirez Isle, Tinaland, SD 58300","0.0"
"58","pattersonandrea@gmail.com","pbkdf2:sha256:600000$Shl7P3bkk38iXRCb$19ca3010e1d12d8e36e5a7698cb1da8e29b541d9bb7be8edccc7892d903ba04c","Miranda","Hunter","6346 Cunningham Stream, West Jasonton, MO 49744","0.0"
"59","qwilliams@yahoo.com","pbkdf2:sha256:600000$opw2yR4tyUWjrjze$df50027c661b8596b541f21615920c40a52eaffe1e69e3fc5154a6cd3be27205","Meagan","Graham","071 Carter Mountain Suite 791, Jasonchester, NH 46603","0.0"
"60","snyderlauren@gmail.com","pbkdf2:sha256:600000$PShaIz4iW1Q9f2N5$ac655b3679a2b04d690e379c1117004899d14d8cd70530696255f0b5fc1d7ff6","Tiffany","Kim","583 Ann Hills Apt. 225, North Justinchester, NY 33827","0.0"
"61","sydneywagner@yahoo.com","pbkdf2:sha256:600000$pc6FNeguAJ2YKzT7$4b15a0e74077aa33be9245f3998d683c17f6b5f0c1bd71c39e480b30a39f80e3","Adam","Burns","9906 Leslie Manors Suite 325, Mckayside, FM 37483","0.0"
"62","qferrell@hotmail.com","pbkdf2:sha256:600000$g8GYTTeGlG6JNd3j$e9369144a19ebe4e0dad6b5a32bdc2751529e80f75f50ff385ae0808ff691aff","Tracey","Bartlett","77038 Emily Lane, South Davidfort, OK 74845","0.0"
"63","qdyer@yahoo.com","pbkdf2:sha256:600000$QlPutfZ8v0QXYvZR$2a61d60100fc66c840291990a86d1ec993b1d7f1aadd96edb905cc40c228d986","Tammy","Sexton","5640 Sara Lakes Apt. 150, Valenciachester, IL 77372","0.0"
"64","morrismichael@hotmail.com","pbkdf2:sha256:600000$WHOhbdW5tO0ZfmIw$4719ed74d2621981870dc9fdb7a09002bf0c33bd5144eceadb6ae4a02ef8c8cd","Kimberly","Taylor","PSC 1844, Box 9657, APO AE 45924","0.0"
"65","obennett@hotmail.com","pbkdf2:sha256:600000$kZ7pBybDzYh7xRTT$7380b0c33fc70d89aa429e2da94c76f8389eb691d6f4a1ef5bf76fb749e161c3","Richard","Lee","565 Amanda Trail, New Thomas, PR 77352","0.0"
"66","mhiggins@hotmail.com","pbkdf2:sha256:600000$61A5NsC3i7UlAB9d$e64e66f26d6ec4d5f91d07c23e6479d10e73f4647f9e650726f669d384019169","Ronald","Ferrell","0587 Donna Skyway Suite 195, Port Brendaburgh, WY 41215","0.0"
"67","marcfarmer@hotmail.com","pbkdf2:sha256:600000$p5PoGlB4Ol2NPkpJ$a2dd3abbd7bb4b69d04efdd81cb5872fa68f9ba68a21d941f373a964fb1b9bd5","Darin","Bryant","332 Wells Circle Apt. 904, Port Brandonton, FL 28199","0.0"
"68","deanrodriguez@gmail.com","pbkdf2:sha256:600000$9tW23SCDv2zTHERS$15c2bf3ffa7dc8bb727dfa13250a2c774ce70fa045d88d36de12edb68aeb87d6","Heather","Bowen","12874 Christopher Trace Apt. 983, East Shawn, NM 82215","0.0"
"69","wheelerrachel@gmail.com","pbkdf2:sha256:600000$5xiLPoupjlblt1uX$d5693e21de7332d4f32228217d9b454c065f48cadefed542ed9c8bca2ac8a35a","Stephanie","Meza","1113 Kristin Road Suite 599, Johnsonfort, VA 53474","0.0"
"70","iclark@yahoo.com","pbkdf2:sha256:600000$zaaCuvax6d6W12jc$6997af0ee7eff1c933a964a93da3c0e2099a0cef0ae927558c89a289435297cb","Casey","DDS","749 Marisa Brooks, North Erinbury, OH 55906","0.0"
"71","craigjonathan@yahoo.com","pbkdf2:sha256:600000$yakP2ciVdjIKkwBk$699ec2c84db3b0af6226e6b86e3fcff6ae7a954a214c50483416dd79d744b594","Elizabeth","Horne","92380 Brianna Road, Sandraburgh, GA 77059","0.0"
"72","ycolon@yahoo.com","pbkdf2:sha256:600000$Iys5BWtDIXfAmPPh$a26820dafce822f415f3fdc94bc6d97b984b22bd2110cb58d644aef17f40786d","Laura","Williams","147 Derrick Hollow, Lake Vincent, WI 89535","0.0"
"73","brianna61@hotmail.com","pbkdf2:sha256:600000$uochWqPHdePvxLOE$46879dcbb912e397650aafd4c5fc4d63b792b81a6fd103727b146fec5889a8e5","Anthony","Lopez","953 Christian Cove, Ronaldport, MP 42703","0.0"
"74","elizabethyang@gmail.com","pbkdf2:sha256:600000$0V8tygp5tarEDH9t$27140d723d78b8f8e4da56a122453c978164475b24058639f89481949707a268","Savannah","Miller","03323 Russell Lodge, West Bridgetmouth, SD 51383","0.0"
"75","dphillips@hotmail.com","pbkdf2:sha256:600000$cjKi4XO7hUVVEyY4$7242fcc70e537ef4d176f576e9474e1682a17535a0f7d107f683437ab67d8e00","Jenna","Smith","30352 Buchanan Bypass Suite 685, East Kelly, DC 08252","0.0"
"76","patrick22@gmail.com","pbkdf2:sha256:600000$oUZULtOJWIHoe4dc$144597adecbe086828d888c4438fd37c2a8840bcdcc76c093ff8679602c1507d","Bryan","Cox","587 Davila Flats Suite 058, Whitneymouth, OK 79177","0.0"
"77","hillshelley@gmail.com","pbkdf2:sha256:600000$eFOHlZnWuHNVbbIG$5563cd55d29b845185dc7392fa12f5e8a056f0caa302270fb196d931111d7c0b","Dr.","IV","7746 Shepard Plains, North Kim, DC 53368","0.0"
"78","christopher11@gmail.com","pbkdf2:sha256:600000$9JBJSv97emuTFRWO$604c0a2714c572d9018caa39dabfc1ad4e709a636c292f3c8ad4b3a473bae3c9","Jeremiah","Oneal","708 Donald Underpass, Anthonymouth, GA 90721","0.0"
"79","sherri44@gmail.com","pbkdf2:sha256:600000$upgqmJ2vOPl3YITl$f3ebbcc21b392cd64409252299d6fb25f807d9657e6a5cda1bef9a971585afb0","Brian","PhD","95804 Simmons Crest, West Gabrielle, ID 30872","0.0"
"80","julie11@hotmail.com","pbkdf2:sha256:600000$nvRXCBhUbHfZmjn9$ce74a36ecbcfcd08ba438746bb9064ee49bec09392d615500da616ec813f10b1","Jonathan","Pace","1890 Jill Shores Apt. 162, Charlesbury, NJ 74752","0.0"
"81","thorntonanna@gmail.com","pbkdf2:sha256:600000$vMmS6K9FkUcgAV22$7f36b748403df38af7dd4bea210de909044d129e6d4f3313a46402b064228574","James","Allen","82278 Jennifer Rapid Apt. 620, Lake Ashley, IL 63089","0.0"
"82","nelsondonna@gmail.com","pbkdf2:sha256:600000$MWpAMGuccIkvGOl0$1e9d08f522abbd369706e1f3e6600a099bb9a86231f844f5657282478588b991","Linda","Myers","523 William Ranch Apt. 477, East Joseph, HI 92278","0.0"
"83","maurice65@hotmail.com","pbkdf2:sha256:600000$qFGXc0UXyRJYwES8$c78ccc7b8890304be27c8b61b5ab3dcd2ac1ff1bf4dff96f4666f9d231e925b0","Krista","Thompson","664 Deborah Squares Apt. 415, Pruittberg, MH 71133","0.0"
"84","vincenthill@gmail.com","pbkdf2:sha256:600000$YNf7lnVUydtE6SON$1b4c73988bcedc0b3139f286d45f90ea0026762b8a692e5ebbcb18ba0b3e3e9f","James","Robinson","PSC 9731, Box 9509, APO AA 87520","0.0"
"85","rodriguezthomas@yahoo.com","pbkdf2:sha256:600000$3Uqvc6oB5c9Y4yTb$5123817f2b224027369f85829e518ed8294f2a84b27a50faeb14607a9abbe35a","Mary","Wood","63888 Lopez Squares Apt. 778, Victoriahaven, WV 92298","0.0"
"86","shelleybird@hotmail.com","pbkdf2:sha256:600000$c9LuEGzZW6yMl5e8$6abd9be178956f93070914c287d7f1cf4ec0b506538e6bd1838fd83df9dd4cb4","Scott","Martinez","74604 Williams Plains, Camposshire, NC 44605","0.0"
"87","christina00@hotmail.com","pbkdf2:sha256:600000$TFbtpHVEMNHxe9iZ$9b25ed21ab778f715e5b8f23d8a2ae65d0ca7de301d86fe7174d1affdce65b0f","Stephanie","Montgomery","1894 Theresa Circle Apt. 851, Stephaniestad, WY 82521","0.0"
"88","danielle56@hotmail.com","pbkdf2:sha256:600000$mcetJJrW6MdU87F2$62dbf717b8a27ec9a8745db7a8ad016cedf6a884ebfbfee26558054447a1b96d","Rebecca","Reyes","163 Hayley Fords Suite 583, South Karen, VI 97729","0.0"
"89","daychristopher@yahoo.com","pbkdf2:sha256:600000$ofemnbbPVUKjc3at$48393ea0b29feb522bd932136a282781628fcc9f50d518134335350ec60ce4f2","Charles","Beard","USNV Sanchez, FPO AP 13494","0.0"
"90","april05@hotmail.com","pbkdf2:sha256:600000$8WAPyFjoFAoWoweQ$8a029c4046534fdaa9de0d64887121e8f7a27b17ee053acc77f39abb22058a5c","Kelly","Morrison","10157 Fuller Lodge Suite 550, South Christopher, MA 18397","0.0"
"91","lbush@yahoo.com","pbkdf2:sha256:600000$kRF0l2K2hxtQ96bF$be822ccc157e9716e37d01da02583cf87a8920857648aaa91c7836d5ed363885","Jeffrey","Robles","56162 Lozano Stream Suite 426, Reneehaven, GU 16280","0.0"
"92","jordanmendez@hotmail.com","pbkdf2:sha256:600000$IqFMpk1bDiiBj5ZC$fa93f59b4dad2587231a9dff27a3654bfa272f63d1b7fc965109f344f5881186","Matthew","Ruiz","438 Clark Village, New Kimberlyview, OR 47692","0.0"
"93","timothyschultz@yahoo.com","pbkdf2:sha256:600000$pB7a30EXU0gLrEuC$9a42ade088c8f5c1ca485579e0fe6b6204ad9e0e7414d663794f5baac83f806c","Michael","Peters","USCGC Williams, FPO AA 08516","0.0"
"94","brianramos@gmail.com","pbkdf2:sha256:600000$7C7FoSuWBdBOnu8B$d419c468d3215865e8fad990b6d7dbde50d824f787e0f9ac26b50d8efcbe3f88","Kent","Clarke","3715 Holland Mills, East Carl, VA 49747","0.0"
"95","terrykim@hotmail.com","pbkdf2:sha256:600000$CfM74dFDrhjAPbdf$d38b42a2e4827f6e9519cdff22879c5f55f30c9ada5f58504d4359d4852a9edd","Jason","Thornton","PSC 0035, Box 3130, APO AE 85223","0.0"
"96","jerry76@gmail.com","pbkdf2:sha256:600000$yZcJ3AXxosYL8K7M$932ef441e9c0b80e4e230ef331f050717cb2bcd2989a668545e50e5db58ed417","David","Herrera","21167 Thompson Park, New Kaylaborough, ME 43751","0.0"
"97","stephenpratt@hotmail.com","pbkdf2:sha256:600000$AMCofDv5iTBPfZ1I$81d86c4d986e0a4c5f4714b229f8b52c0e5079960b372e0c3d697bfd274c6211","Nicole","Martinez","3963 Craig Lodge, West Alexis, MN 69720","0.0"
"98","donaldsonjamie@gmail.com","pbkdf2:sha256:600000$VNrH9ruml4LRvH56$7f1ca5bffcc36a2ac5858ad7c716f2d52b1c65671a73885bfb2aff2c613e4d42","Kristy","Mitchell","33758 Padilla Keys, South Paulshire, NJ 55054","0.0"
"99","james05@hotmail.com","pbkdf2:sha256:600000$axSZJgdxdvZkEkDx$3880933415f688d6c306084c4239a1da318f8c81afd42c7f05be128b3386728a","Jordan","Pollard","4901 Taylor Harbor, Meganside, CA 78425","0.0"
